{"cameraMode":{"drawMode":0,"name":"Shaded","section":"Shading Mode"},"sceneLighting":false,"audioPlay":false,"sceneViewState":{"showFog":true,"showMaterialUpdate":false,"showSkybox":false,"showFlares":true,"showImageEffects":true,"showParticleSystems":true},"in2DMode":false,"pivot":{"x":104.11425018310547,"y":11.04410457611084,"z":49.55478286743164},"rotation":{"x":0.09233127534389496,"y":-0.2781270444393158,"z":0.026875054463744165,"w":0.955737292766571},"size":38.13324737548828,"orthographic":false}