{"cameraMode":{"drawMode":0,"name":"Shaded","section":"Shading Mode"},"sceneLighting":false,"audioPlay":false,"sceneViewState":{"showFog":true,"showMaterialUpdate":false,"showSkybox":false,"showFlares":true,"showImageEffects":true,"showParticleSystems":true},"in2DMode":false,"pivot":{"x":-0.16664886474609376,"y":0.16068458557128907,"z":0.32852745056152346},"rotation":{"x":0.19112913310527802,"y":-0.002637001685798168,"z":0.0005169396754354239,"w":0.981575608253479},"size":53.58085250854492,"orthographic":false}