{"cameraMode":{"drawMode":0,"name":"Shaded","section":"Shading Mode"},"sceneLighting":false,"audioPlay":false,"sceneViewState":{"showFog":true,"showMaterialUpdate":false,"showSkybox":false,"showFlares":true,"showImageEffects":true,"showParticleSystems":true},"in2DMode":false,"pivot":{"x":-0.32405853271484377,"y":-0.25719261169433596,"z":0.07510948181152344},"rotation":{"x":0.19112913310527802,"y":-0.002637001685798168,"z":0.0005169396754354239,"w":0.981575608253479},"size":25.826797485351564,"orthographic":false}