{"cameraMode":{"drawMode":0,"name":"Shaded","section":"Shading Mode"},"sceneLighting":false,"audioPlay":false,"sceneViewState":{"showFog":true,"showMaterialUpdate":false,"showSkybox":false,"showFlares":true,"showImageEffects":true,"showParticleSystems":true},"in2DMode":false,"pivot":{"x":103.9279556274414,"y":9.649999618530274,"z":39.90273666381836},"rotation":{"x":0.13384030759334565,"y":-0.5300508737564087,"z":0.08516684919595719,"w":0.8330149054527283},"size":2.302273750305176,"orthographic":false}