{"cameraMode":{"drawMode":0,"name":"Shaded","section":"Shading Mode"},"sceneLighting":false,"audioPlay":false,"sceneViewState":{"showFog":true,"showMaterialUpdate":false,"showSkybox":false,"showFlares":true,"showImageEffects":true,"showParticleSystems":true},"in2DMode":false,"pivot":{"x":0.0,"y":0.42056071758270266,"z":1.1920928955078126e-7},"rotation":{"x":-0.003774466458708048,"y":-0.9291861653327942,"z":0.36961692571640017,"w":-0.009140546433627606},"size":4.104421615600586,"orthographic":false}